{
    "Bangkok": [13.7563, 100.5018, 10],
    "Chiang Rai": [19.907166, 99.803955, 1]
}
