{
    "กรุงเทพ": [13.7563, 100.5018, 12],
    "เชียงราย": [19.907166, 99.803955, 3]
}
