{
    "กำแพงเพชร": [16.48278, 99.522662, 7.92],
    "กระบี่": [8.0863, 98.906283, 9],
    "กาญจนบุรี": [14.02278, 99.532811, 8.26],
    "กาฬสินธุ์": [16.434167, 103.509167, 6],
    "ขอนแก่น": [16.441935, 102.835992, 8.06],
    "จันทบุรี": [12.61134, 102.103855, 8.33],
    "ฉะเชิงเทรา": [13.690419, 101.07796, 10.38],
    "ชลบุรี": [13.361143, 100.984672, 8.9],
    "ชัยนาท": [15.185197, 100.125125, 12.2],
    "ชัยภูมิ": [15.806817, 102.031503, 7.84],
    "ชุมพร": [10.49305, 99.18002, 7.85],
    "เชียงราย": [19.907166, 99.830955, 9.71],
    "เชียงใหม่": [18.787747, 98.993128, 9.13],
    "ตรัง": [7.559385, 99.611007, 9.62],
    "ตราด": [12.242756, 102.517473, 8.49],
    "ตาก": [16.88399, 99.12585, 6.2],
    "นครนายก": [14.20695, 101.2131, 10.48],
    "นครปฐม": [13.81992, 100.0622, 12.14],
    "นครพนม": [17.39204, 104.7696, 5.59],
    "นครราชสีมา": [14.9799, 102.0978, 8.84],
    "นครศรีธรรมราช": [8.432483, 99.9599, 10.43],
    "นครสวรรค์": [15.69301, 100.1226, 11],
    "นนทบุรี": [13.86211, 100.5144, 8.44],
    "นราธิวาส": [6.425461, 101.825314, 4.16],
    "น่าน": [18.775632, 100.773042, 7.86],
    "บึงกาฬ": [18.36091, 103.646446, 6.5],
    "บุรีรัมย์": [14.993002, 103.102919, 5.13],
    "ปทุมธานี": [14.020839, 100.525028, 12.14],
    "ประจวบคีรีขันธ์": [11.816667, 99.8, 8.1],
    "ปราจีนบุรี": [14.04207, 101.660087, 11.25],
    "ปัตตานี": [6.761831, 101.323255, 3.19],
    "พระนครศรีอยุธยา": [14.353213, 100.56896, 13.06],
    "พะเยา": [19.215437, 100.202369, 7.7],
    "พังงา": [8.450141, 98.525532, 10.94],
    "พัทลุง": [7.616682, 100.074023, 11.82],
    "พิจิตร": [16.274088, 100.334699, 11.46],
    "พิษณุโลก": [17.036386, 100.583514, 9.09],
    "เพชรบุรี": [12.964922, 99.642588, 9.09],
    "เพชรบูรณ์": [16.301669, 101.11928, 8.37],
    "แพร่": [18.144577, 100.140282, 12.11],
    "ภูเก็ต": [7.880448, 98.39225, 8.39],
    "มหาสารคาม": [16.013202, 103.161517, 7.99],
    "มุกดาหาร": [16.569572, 104.523121, 6.87],
    "แม่ฮ่องสอน": [19.30203, 97.965437, 5.19],
    "ยโสธร": [15.792641, 104.145283, 6.08],
    "ยะลา": [6.541147, 101.280395, 4.79],
    "ร้อยเอ็ด": [16.05382, 103.652004, 6.37],
    "ระนอง": [9.95287, 98.608464, 8.21],
    "ระยอง": [12.707434, 101.147352, 7.28],
    "ราชบุรี": [13.528289, 99.813421, 8.4],
    "ลพบุรี": [14.799508, 100.653371, 13.59],
    "ลำปาง": [18.28884, 99.490874, 10.67],
    "ลำพูน": [18.574461, 99.008722, 12.11],
    "เลย": [17.486023, 101.7223, 8.11],
    "ศรีสะเกษ": [15.118601, 104.322009, 9.09],
    "สกลนคร": [17.154599, 104.134837, 6.22],
    "สงขลา": [7.1756, 100.614347, 8.4],
    "สตูล": [6.623816, 100.067374, 7.86],
    "สมุทรปราการ": [13.599096, 100.599832, 12.39],
    "สมุทรสงคราม": [13.409822, 100.002265, 9.47],
    "สมุทรสาคร": [13.547522, 100.274396, 12.55],
    "สระแก้ว": [13.824041, 102.064582, 7.04],
    "สระบุรี": [14.528915, 100.910142, 13.11],
    "สิงห์บุรี": [14.893625, 100.396731, 16.01],
    "สุโขทัย": [17.005557, 99.826371, 12.22],
    "สุพรรณบุรี": [14.474489, 100.117713, 11.33],
    "สุราษฎร์ธานี": [9.138239, 99.321748, 13],
    "สุรินทร์": [14.882905, 103.493711, 5.41],
    "หนองคาย": [17.87828, 102.741264, 8.62],
    "หนองบัวลำภู": [17.221825, 102.426037, 5.4],
    "อำนาจเจริญ": [14.589605, 100.455052, 5.41],
    "อ่างทอง": [14.589605, 100.455052, 12.96],
    "อุดรธานี": [17.413841, 102.787233, 6.56],
    "อุตรดิตถ์": [17.6297, 100.0967, 10.79],
    "อุทัยธานี": [15.3835, 100.024553, 9.65],
    "อุบลราชธานี": [15.228686, 104.856422, 5.89]
}
